tag,description
media, on the media,
vietnam, On vietnam
culture, On culture
childhood, On childhood
crm, On crm
religion, On religion
personal, On personal
family, On family
gender, On gender
career, On career
politics, On politics
draft, On draft
music, On music
movements, On movements
education, On education
vietnam war, On vietnam war
civilrights, On civilrights
food, On food
coldwar, On coldwar
assassination, On assassination
communism, On communism
jfk, On jfk
dating, On dating
motherhood, On motherhood
perception, On perception
beauty standards, On beauty standards
marital roles, On marital roles
background, On background
military, On military
cultural, On cultural
jobs, On jobs
cuba, On cuba
counterculture, On counterculture
school, On school
economy, On economy
social, On social
nostalgia, On nostalgia
community, On community
assasination, On assasination
patriarchy, On patriarchy
friends, On friends
life, On life
introduction, On introduction
advice, On advice
cold war, On cold war
television, On television
sports, On sports
toys, On toys
parents, On parents
general, On general
rights, On rights
racial issues, On racial issues
civil, On civil
workplace, On workplace
closing words, On closing words
money, On money
shows, On shows
mlk, On mlk
wrestling, On wrestling
science, On science
backround, On backround
feminism, On feminism
spacerace, On spacerace
international, On international
space, On space
transportation, On transportation
entertainment, On entertainment
war, On war
movies, On movies
civil rights, On civil rights
elections, On elections
racial isusues, On racial isusues
nuclear, On nuclear
consent, On consent
clothing, On clothing
jfk assassination, On jfk assassination
worldevents, On worldevents
technology, On technology
culture:rodeo, On culture:rodeo
job history, On job history
occupation, On occupation
gender roles, On gender roles
work history, On work history
news, On news
hippe movement, On hippe movement
homelife, On homelife
culture:tv, On culture:tv
conclusion, On conclusion
current media, On current media
roev.wade, On roev.wade
power imbalance, On power imbalance
poiltics, On poiltics
religon, On religon
neighborhoods, On neighborhoods
quality of life, On quality of life
cars, On cars
schooling, On schooling
the military, On the military
telvision, On telvision